EMAIL,IC,NAME,PASSWORD,PHONENUMBER,ROLE,USERNAME,USER_ID
mlevings0@4shared.com,364774-63-8396,Mahala Levings,zrM3M13,+62 864 700 6746,a,mlevings0,A10001
mgelsthorpe1@google.com,352438-67-8013,Minta Gelsthorpe,nk4WPhIt,+212 396 208 7688,a,mgelsthorpe1,A10002
gsonschein2@bloomberg.com,516929-91-1203,Ginelle Sonschein,O4WQuZm5,+86 400 591 6090,a,gsonschein2,A10003
atempest3@patch.com,665828-15-7041,Antonella Tempest,i2FiXVAY4Kdk,+62 742 670 9896,a,atempest3,A10004
bmaylin4@ifeng.com,134757-70-8573,Brittney Maylin,zFWkjyfWvVE,+86 498 773 1931,a,bmaylin4,A10005
wwhellams5@wordpress.com,716490-75-6523,Warden Whellams,saFlIl,+502 847 303 4467,a,wwhellams5,A10006
elemmer6@blogger.com,863214-25-9598,Emilie Lemmer,TWMqfD,+992 289 238 6545,a,elemmer6,A10007
rsyrie7@google.pl,510475-56-8284,Raddie Syrie,Mc9KG2l,+62 363 905 6161,a,rsyrie7,A10008
rtorbard8@apple.com,608117-69-9387,Rosene Torbard,AQ4aTsq,+45 563 765 3063,a,rtorbard8,A10009
ncrookston9@creativecommons.org,920158-71-3798,Neda Crookston,N9sfUiCf,+7 768 827 0414,a,ncrookston9,A10010
nclogga@springer.com,162724-31-4463,Naomi Clogg,mpwotleKwDR,+62 520 158 3491,a,nclogga,A10011
sjandakb@rakuten.co.jp,460491-48-3956,Sergent Jandak,sy02RoMAwY,+260 944 821 5979,a,sjandakb,A10012
gshaeferc@un.org,146699-50-2199,Grenville Shaefer,WZgUAkU4,+27 104 961 4278,a,gshaeferc,A10013
schadbourned@umich.edu,796640-12-5681,Susy Chadbourne,xeyPNNdp8,+220 115 892 3715,a,schadbourned,A10014
ljacobowicze@hubpages.com,192123-21-6001,Lezlie Jacobowicz,Ng669Cqjk,+57 937 143 0393,a,ljacobowicze,A10015
mduckworthf@istockphoto.com,149466-35-7275,Matthias Duckworth,Q9wnbbu,+976 324 453 6814,a,mduckworthf,A10016
kcaprong@bloomberg.com,741665-19-5683,Krystyna Capron,bMy9vqHMX6N,+84 207 291 5488,a,kcaprong,A10017
lsoaresh@skype.com,219279-51-4648,Lem Soares,UKkFMc9c,+387 171 705 4989,a,lsoaresh,A10018
paskeyi@ehow.com,847670-38-9249,Paola Askey,ZriW3I,+81 157 339 9622,a,paskeyi,A10019
epeckj@cdc.gov,568564-36-9095,Ellyn Peck,8kCtCZbwK4,+64 915 746 4779,a,epeckj,A10020
