user_id,ic,name,email,phoneNumber,role,username,password,memberType_id,current_booking_id
C10001,298928-13-2102,Carlye Fellon,cfellon0@dmoz.org,+351 298 606 3246,c,cfellon0,z0hRmvgOuc,NO,
C10002,257957-91-8511,Brock Dugmore,bdugmore1@fc2.com,+7 403 863 2170,c,bdugmore1,Klw0xbC,NO,
C10003,309788-28-9616,Jud Risbridger,jrisbridger2@state.gov,+7 711 809 7867,c,jrisbridger2,Cv8w8WH,PE,
C10004,359494-84-9162,Shell Geggus,sgeggus3@sakura.ne.jp,+57 733 450 0684,c,sgeggus3,BVR4wa6S,AU,
C10005,912909-48-2787,Beatriz Skittrell,bskittrell4@samsung.com,+86 771 198 3267,c,bskittrell4,gmaIgw,AU,
C10006,257312-24-4420,Harri Crosoer,hcrosoer5@nymag.com,,c,hcrosoer5,V0mhIjQ,AU,
C10007,,Olivero Trewhitt,otrewhitt6@bandcamp.com,+63 942 545 4113,c,otrewhitt6,18Cz9sjc,AU,
C10008,,Manon Trimnell,mtrimnell7@com.com,,c,mtrimnell7,7dTnfpUg6,AU,
C10009,739003-93-8850,Tybalt Gotthard,tgotthard8@meetup.com,+86 630 455 5806,c,tgotthard8,oCa9lMl,NO,
C10010,764386-21-1672,Tomaso Thunnercliffe,tthunnercliffe9@google.com,,c,tthunnercliffe9,rpYjji,NO,
C10011,200509-96-6737,Chrissy Thorwarth,cthorwartha@ameblo.jp,+86 621 233 2559,c,cthorwartha,HFosML4QG,NO,
C10012,999163-74-3199,Saudra Korn,skornb@cornell.edu,+353 446 924 6224,c,skornb,OF2AugODMwl,PE,
C10013,557679-39-5173,Lorin Trevorrow,ltrevorrowc@pinterest.com,,c,ltrevorrowc,5L4YzqyxX,NO,
C10014,311885-37-4254,Bart Pharro,bpharrod@mac.com,+81 241 310 8714,c,bpharrod,zc52tZHz9U,AU,
C10015,799215-25-8683,Wenonah Sutherland,wsutherlande@yale.edu,,c,wsutherlande,OcDZSB4EyTqU,PE,
C10016,,Ivette Carnell,icarnellf@amazon.co.uk,+86 903 561 7057,c,icarnellf,TdxPCJX,AU,
C10017,609835-29-5367,Dudley Leverington,dleveringtong@washingtonpost.com,+86 419 710 0892,c,dleveringtong,GjeG67Lfp,PE,
C10018,154225-82-3919,Collette Dinkin,cdinkinh@nps.gov,+234 829 702 9396,c,cdinkinh,fOJGR4ARn,AU,
C10019,385310-25-8665,Humberto Cowsby,hcowsbyi@sciencedirect.com,,c,hcowsbyi,1kAtFZ3xN6u,PE,
C10020,,Concordia Sargood,csargoodj@w3.org,,c,csargoodj,TctE1PE,AU,
C10021,551918-53-2181,Mike Airlie,mairliek@jimdo.com,,c,mairliek,GtrUsKv,AU,
C10022,830272-68-7561,Kellen Gall,kgalll@prweb.com,,c,kgalll,6ihzIzX2VN7,AU,
C10023,,Barbie Palle,bpallem@mysql.com,,c,bpallem,WeChbJzpNER,AU,
C10024,223757-90-3545,Laural Blick,lblickn@deviantart.com,,c,lblickn,NU1TzsrMf,AU,
C10025,998694-27-3799,Lemuel Waddams,lwaddamso@angelfire.com,+55 631 297 5570,c,lwaddamso,llTFdx,AU,
C10026,312299-61-6578,Tracee Touzey,ttouzeyp@seattletimes.com,+420 161 697 1906,c,ttouzeyp,gIeImmV,AU,
C10027,853302-28-5211,Rubie Duncanson,rduncansonq@yellowpages.com,+81 546 405 1480,c,rduncansonq,oOgvXYRewVu,AU,
C10028,724782-33-4208,Geri Scirman,gscirmanr@sogou.com,+57 392 547 2304,c,gscirmanr,Opcg0J0p,AU,
C10029,232695-53-1399,Harlen Trewman,htrewmans@cornell.edu,+967 138 642 4134,c,htrewmans,oo1rPxhzj6z,NO,
C10030,,Anson Golton,agoltont@naver.com,+62 487 663 1211,c,agoltont,ct0J4RerJn,PE,
C10031,692968-24-4531,Jo ann Ferriman,jannu@slate.com,,c,jannu,xh5orHwnwGcU,PE,
C10032,,Garfield Mannin,gmanninv@npr.org,+86 864 324 4936,c,gmanninv,Ug1ku6vYyQE,PE,
C10033,,Twyla Crayton,tcraytonw@so-net.ne.jp,+48 737 366 3215,c,tcraytonw,8I6loOU,AU,
C10034,,Annamarie Sweetnam,asweetnamx@archive.org,,c,asweetnamx,Iey6fstZNX,PE,
C10035,271430-26-2306,Shana Aron,sarony@hibu.com,,c,sarony,tUMb7I9,PE,
C10036,865069-79-8703,Gaultiero Tremmil,gtremmilz@freewebs.com,+242 744 854 3514,c,gtremmilz,JKzrkMCh,AU,
C10037,111213-86-9655,Lucinda Wilkenson,lwilkenson10@comcast.net,,c,lwilkenson10,o3IRosMF0b,AU,
C10038,,Juliane Ashard,jashard11@google.com.br,+86 774 332 0152,c,jashard11,u1BwxjXvov,PE,
C10039,807643-78-7195,Viole Heffy,vheffy12@umich.edu,,c,vheffy12,M72CACIUDf21,NO,
C10040,843283-75-6734,Fanya Wiltshaw,fwiltshaw13@illinois.edu,+385 868 479 2752,c,fwiltshaw13,RpoLPJyNe,NO,
C10041,503349-65-5048,Britta Laimable,blaimable14@ow.ly,,c,blaimable14,tMx07c,PE,
C10042,632820-85-5737,Milo Pethick,mpethick15@tinyurl.com,,c,mpethick15,L2k1y9,AU,
C10043,,Bendicty Daniau,bdaniau16@mit.edu,,c,bdaniau16,Ivp61Uf0,NO,
C10044,738482-92-7283,Amalle Guiu,aguiu17@cbsnews.com,+52 725 647 1464,c,aguiu17,NeyHmOUujUmC,NO,
C10045,981426-66-9070,Paulita Cookes,pcookes18@archive.org,,c,pcookes18,aNuvnpGP2g,NO,
C10046,,Alonso Ledrane,aledrane19@nytimes.com,+48 232 479 2143,c,aledrane19,3yHLpZLPp,AU,
C10047,574901-92-8393,Killian Odd,kodd1a@imgur.com,+33 404 294 3859,c,kodd1a,rYhJT62pVNW,AU,
C10048,455338-84-1891,Weston Ketcher,wketcher1b@cnet.com,+86 107 940 4712,c,wketcher1b,wOHRMW3V96y,PE,
C10049,148750-70-1852,Rolf Pierce,rpierce1c@addthis.com,+86 719 138 2497,c,rpierce1c,vPkJloGBg1,AU,
C10050,299765-67-1454,,,+86 680 842 5678,c,dianni1d,RRSjoWHtS0,PE,