DRIVER_LICENSE,EMAIL,IC,NAME,PASSWORD,PHONENUMBER,ROLE,USERNAME,USER_ID
874192-17-4620,ewinmill0@samsung.com,874192-17-4620,Elladine Winmill,6tf48qutV,+86 212 650 3095,d,d-ewinmill0,D10001
633934-52-6453,iiglesia1@constantcontact.com,633934-52-6453,Ira Iglesia,Rg54Sp6mhQFe,+7 491 760 2015,d,d-iiglesia1,D10002
,avaines2@irs.gov,946737-84-5726,Alvis Vaines,rdKzgkqq2C,+86 864 750 6602,d,d-avaines2,D10003
562373-75-8474,dstathor3@umn.edu,562373-75-8474,Dorothy Stathor,3WS4dFa,+380 534 847 6105,d,d-dstathor3,D10004
391957-18-4914,rstanwix4@360.cn,391957-18-4914,Robinet Stanwix,31Gw2U,+351 421 627 2424,d,d-rstanwix4,D10005
358831-29-6345,byakolev5@timesonline.co.uk,358831-29-6345,Barbra Yakolev,LaDD21youvxr,+55 222 173 0138,d,d-byakolev5,D10006
595938-83-8944,eholdren6@oaic.gov.au,595938-83-8944,Eugenie Holdren,gON8GQbdP,+86 373 863 8486,d,d-eholdren6,D10007
636663-46-2713,gthurske7@pbs.org,636663-46-2713,Gasparo Thurske,OxMLZcV,+86 833 543 7292,d,d-gthurske7,D10008
435906-65-6325,evicarey8@bloomberg.com,435906-65-6325,Emelia Vicarey,8quVAlYmpEK,+970 109 610 2313,d,d-evicarey8,D10009
654124-93-9688,adallan9@amazon.co.uk,654124-93-9688,Anetta Dallan,otbL5j09BXW,+420 983 133 2243,d,d-adallan9,D10010
467109-14-5600,ljusthama@bizjournals.com,467109-14-5600,Lonny Justham,E82V7YPo8u2s,+254 639 324 6036,d,d-ljusthama,D10011
851215-13-1778,sblasib@umn.edu,851215-13-1778,Sherye Blasi,HdBOSL5A4sd,+62 309 206 2621,d,d-sblasib,D10012
770509-23-1229,baldrenc@godaddy.com,770509-23-1229,Bradney Aldren,b97Ts91,+86 926 556 9676,d,d-baldrenc,D10013
326096-48-3511,mhuncootd@trellian.com,326096-48-3511,Melantha Huncoot,zBXTaei,+1 273 674 2022,d,d-mhuncootd,D10014
,rpenne@parallels.com,859028-61-4341,Roderick Penn,Dk0rBFyRsE,+261 267 955 3858,d,d-rpenne,D10015
616747-46-1296,mgawkef@pen.io,616747-46-1296,Mose Gawke,GyzJwXWivX,+55 872 180 6675,d,d-mgawkef,D10016
282350-93-4850,dsibbaldg@yale.edu,282350-93-4850,Dotty Sibbald,uMH7im1UtH8,+62 155 621 6184,d,d-dsibbaldg,D10017
566169-73-9680,kgarnh@barnesandnoble.com,566169-73-9680,Kylila Garn,80jb4yyQ14x4,+98 381 545 2593,d,d-kgarnh,D10018
100327-97-9640,eheimsi@gnu.org,100327-97-9640,Esmeralda Heims,dnwMof83Siru,+62 899 329 6749,d,d-eheimsi,D10019
749760-60-6551,ohryniewickij@cam.ac.uk,749760-60-6551,Onfre Hryniewicki,4ytMtqG5,+86 128 617 3836,d,d-ohryniewickij,D10020
,stutsellk@cocolog-nifty.com,797281-45-5908,Shermy Tutsell,rpBlXDc7RBZq,+62 947 962 3201,d,d-stutsellk,D10021
152673-58-9257,gcranstounl@usgs.gov,152673-58-9257,Gerrie Cranstoun,mqxgua,+55 136 911 6738,d,d-gcranstounl,D10022
442714-43-1172,eewellm@bloglines.com,442714-43-1172,Enrico Ewell,89cTML4qVxg,+55 516 657 6392,d,d-eewellm,D10023
559553-65-6365,mbrozssetn@indiegogo.com,559553-65-6365,Margret Brozsset,SCoyPNU6bpjJ,+381 884 458 9987,d,d-mbrozssetn,D10024
,jeleyo@msn.com,600131-34-4023,Jaymee Eley,bcXBsNEnG,+62 381 459 7044,d,d-jeleyo,D10025
,fmattussevichp@1und1.de,566637-23-6596,Federico Mattussevich,NhZczL9lU,+48 668 450 6594,d,d-fmattussevichp,D10026
968682-37-2545,bsansq@360.cn,968682-37-2545,Belia Sans,qhoFqlokpM,+7 295 973 3993,d,d-bsansq,D10027
347956-29-5336,sfawlkesr@google.ru,347956-29-5336,Sue Fawlkes,WPPdpkUkqH,+86 422 630 6810,d,d-sfawlkesr,D10028
312256-17-6938,mdearns@list-manage.com,312256-17-6938,Marcia Dearn,zKT6jDzJzJ,+265 698 340 2816,d,d-mdearns,D10029
799748-86-3452,rsproulet@godaddy.com,799748-86-3452,Rod Sproule,cSHoZhW,+47 874 286 1687,d,d-rsproulet,D10030
487283-38-3878,obrickseyu@redcross.org,487283-38-3878,Olivette Bricksey,9Yrk1EGC8xO,+48 777 966 8734,d,d-obrickseyu,D10031
470413-46-6232,ascurreyv@mapquest.com,470413-46-6232,Angelita Scurrey,WiqvSBzWheO,+351 720 542 0027,d,d-ascurreyv,D10032
904540-56-4213,jgilmorew@icio.us,904540-56-4213,Jacquelynn Gilmore,ru40F9NBI,+420 963 742 1286,d,d-jgilmorew,D10033
568368-71-6753,ziglesiazx@github.io,568368-71-6753,Zena Iglesiaz,6BbVB9xzQ0yU,+48 963 913 7248,d,d-ziglesiazx,D10034
673332-35-1045,cayresy@canalblog.com,673332-35-1045,Cherie Ayres,KF3GMbn0RMm,+7 689 349 1628,d,d-cayresy,D10035
,kvaskovz@123-reg.co.uk,188029-45-4410,Kliment Vaskov,gWEDqyG,+86 403 160 1947,d,d-kvaskovz,D10036
625378-64-5305,tcunney10@chron.com,625378-64-5305,Tabbi Cunney,STdC7mUH00Lo,+36 673 364 8074,d,d-tcunney10,D10037
,dmcteer11@goodreads.com,274699-50-6580,Desiree McTeer,Ncgar9yL7w,+86 906 260 6612,d,d-dmcteer11,D10038
276598-70-2438,mmalling12@opera.com,276598-70-2438,Matias Malling,TgGvL5tT5,+7 621 896 4588,d,d-mmalling12,D10039
709299-45-4472,hjouhan13@alibaba.com,709299-45-4472,Hersch Jouhan,jnG5rn6F,+51 363 835 2358,d,d-hjouhan13,D10040
822713-30-1808,vknappen14@nba.com,822713-30-1808,Vinnie Knappen,dsOOKcZ6T,+62 480 600 5712,d,d-vknappen14,D10041
478138-54-9857,acremen15@icq.com,478138-54-9857,Ariella Cremen,XWWE6D,+86 881 641 5452,d,d-acremen15,D10042
313639-95-3027,cgotthard16@google.co.uk,313639-95-3027,Calypso Gotthard,HxORJc,+385 997 408 8108,d,d-cgotthard16,D10043
313642-12-3151,msuart17@creativecommons.org,313642-12-3151,Melicent Suart,G8V2mN0DD3,+57 834 406 0530,d,d-msuart17,D10044
653091-16-7747,smonni18@sfgate.com,653091-16-7747,Stace Monni,grmW1PhPwzHN,+63 707 828 5270,d,d-smonni18,D10045
446786-10-2933,denrdigo19@fotki.com,446786-10-2933,Dehlia Enrdigo,2UGZ5F6d,+55 261 301 4253,d,d-denrdigo19,D10046
149342-63-9543,aturban1a@gnu.org,149342-63-9543,Aigneis Turban,lVcmEkFyU9,+86 344 610 2449,d,d-aturban1a,D10047
489709-45-4712,fveness1b@ask.com,489709-45-4712,Fitz Veness,f4ogCqRX,+86 154 378 0695,d,d-fveness1b,D10048
726551-23-5808,oledrane1c@mozilla.org,726551-23-5808,Otto Ledrane,8aydjUTvpr,+260 937 257 6373,d,d-oledrane1c,D10049
,gpaulitschke1d@about.me,438955-72-5274,Gina Paulitschke,Y5rRBU,+86 204 606 1208,d,d-gpaulitschke1d,D10050
438568-99-5775,hoertzen0@disqus.com,438568-99-5775,Hortense Oertzen,Oo2JKvxmz,+46 568 470 0448,d,d-hoertzen0,D10051
298386-97-3105,nmcnirlan1@bluehost.com,298386-97-3105,Natala McNirlan,XKbsbPbeI3,,d,d-nmcnirlan1,D10052
942183-77-7453,hmaybery2@nasa.gov,942183-77-7453,Herb Maybery,9aFFOmisx9,+420 366 663 2285,d,d-hmaybery2,D10053
713262-83-6501,mfirpi3@slashdot.org,713262-83-6501,Miguel Firpi,JMeC1KjSajiR,+86 811 654 9076,d,d-mfirpi3,D10054
839843-33-9492,scater4@biglobe.ne.jp,839843-33-9492,Sonny Cater,UMhA6NJY,+46 775 440 6624,d,d-scater4,D10055
970094-54-7848,gburnet5@aol.com,970094-54-7848,Grannie Burnet,gBSBMT0,,d,d-gburnet5,D10056
978786-85-5636,lraggett6@whitehouse.gov,978786-85-5636,Linda Raggett,qupBe1vtN9Dq,+63 222 253 2987,d,d-lraggett6,D10057
785652-84-7067,mcurston7@w3.org,785652-84-7067,Martina Curston,WYlsuKc4OH1,,d,d-mcurston7,D10058
566869-48-5935,jfountaine8@i2i.jp,566869-48-5935,Joela Fountaine,0ClnmuKcWag,,d,d-jfountaine8,D10059
890663-62-6075,amaas9@sciencedirect.com,890663-62-6075,Allys Maas,j21IfI77,,d,d-amaas9,D10060
372171-76-2394,gtunnicliffa@i2i.jp,372171-76-2394,Guillermo Tunnicliff,Q0yRWYYDKeL,+502 778 582 2425,d,d-gtunnicliffa,D10061
461041-90-2058,gbecksb@tripod.com,461041-90-2058,Gerry Becks,qMEo7dZz,,d,d-gbecksb,D10062
528904-24-8923,mglennardc@cbslocal.com,528904-24-8923,Mabel Glennard,nwtavGtV,,d,d-mglennardc,D10063
308143-34-7731,smorrishd@google.com,308143-34-7731,Sarene Morrish,GenyLj4ty2,,d,d-smorrishd,D10064
451725-46-9210,jfranciscoe@deviantart.com,451725-46-9210,Justine Francisco,E2VwtnEQIK,,d,d-jfranciscoe,D10065
832772-13-2086,dstreightf@studiopress.com,832772-13-2086,Dennison Streight,FWtEKnb,+51 683 945 6728,d,d-dstreightf,D10066
523763-66-9190,wwimpg@umich.edu,523763-66-9190,Wadsworth Wimp,4SRFNDrRF66J,+380 469 347 7540,d,d-wwimpg,D10067
410616-34-2566,mjoselovitchh@blog.com,410616-34-2566,Maude Joselovitch,0boGiWO,,d,d-mjoselovitchh,D10068
566698-10-7004,bdei@theglobeandmail.com,566698-10-7004,Brynna De Marchi,Af6Lby,+380 847 622 5613,d,d-bdei,D10069
261781-99-4068,mmeadenj@oakley.com,261781-99-4068,Mirna Meaden,Vs0JBfH4,,d,d-mmeadenj,D10070
125361-46-9472,jyarhamk@fotki.com,125361-46-9472,Janice Yarham,8Nm9c4Q4QT3,,d,d-jyarhamk,D10071
486374-28-6293,ukearleyl@quantcast.com,486374-28-6293,Udell Kearley,r03RsgU1N7wI,+966 726 861 6203,d,d-ukearleyl,D10072
311516-47-1270,rpantherm@gravatar.com,311516-47-1270,Rhodia Panther,nWpTaw9A,+33 546 840 9955,d,d-rpantherm,D10073
719229-73-4750,wwolfitn@wordpress.com,719229-73-4750,Wilfred Wolfit,ZfODTOa3g,,d,d-wwolfitn,D10074
,efolletto@infoseek.co.jp,,Emlyn Follett,RlXa3O,+386 909 683 9802,d,d-efolletto,D10075
352412-14-9203,fbabinp@geocities.com,352412-14-9203,Fredi Babin,N4okG1BGn,,d,d-fbabinp,D10076
238859-81-9140,cmartinyukq@cornell.edu,238859-81-9140,Cully Martinyuk,gKuNOMDjKv0,+62 205 948 3021,d,d-cmartinyukq,D10077
914049-80-5609,hewingr@bizjournals.com,914049-80-5609,Heinrick Ewing,fw7w72nSA,+216 976 147 6031,d,d-hewingr,D10078
920185-26-6608,ggallimores@shareasale.com,920185-26-6608,Gabrielle Gallimore,K5wxqD279qP,+86 389 520 2418,d,d-ggallimores,D10079
545360-23-1141,wduchatelt@freewebs.com,545360-23-1141,Willi Duchatel,6rwCdQJkvO,+93 206 523 3302,d,d-wduchatelt,D10080
,sejarasakura@gmail.com,,Lim Sai Keat,Aa73218324,,d,d-saikeat9,D10051
,hongwah25@hotmail.com,,Lai HongWah,Hongwah123,,d,d-hongwah25@hotmail.com,D10052
