user_id,ic,name,email,phineNumber,role,username,password
A10001,364774-638396,Mahala Levings,mlevings0@4shared.com,+62 864 700 6746,a,mlevings0,zrM3M13
A10002,352438-678013,Minta Gelsthorpe,mgelsthorpe1@google.com,+212 396 208 7688,a,mgelsthorpe1,nk4WPhIt
A10003,516929-911203,Ginelle Sonschein,gsonschein2@bloomberg.com,+86 400 591 6090,a,gsonschein2,O4WQuZm5
A10004,665828-157041,Antonella Tempest,atempest3@patch.com,+62 742 670 9896,a,atempest3,i2FiXVAY4Kdk
A10005,134757-708573,Brittney Maylin,bmaylin4@ifeng.com,+86 498 773 1931,a,bmaylin4,zFWkjyfWvVE
A10006,716490-756523,Warden Whellams,wwhellams5@wordpress.com,+502 847 303 4467,a,wwhellams5,saFlIl
A10007,863214-259598,Emilie Lemmer,elemmer6@blogger.com,+992 289 238 6545,a,elemmer6,TWMqfD
A10008,510475-568284,Raddie Syrie,rsyrie7@google.pl,+62 363 905 6161,a,rsyrie7,Mc9KG2l
A10009,608117-699387,Rosene Torbard,rtorbard8@apple.com,+45 563 765 3063,a,rtorbard8,AQ4aTsq
A10010,920158-713798,Neda Crookston,ncrookston9@creativecommons.org,+7 768 827 0414,a,ncrookston9,N9sfUiCf
A10011,162724-314463,Naomi Clogg,nclogga@springer.com,+62 520 158 3491,a,nclogga,mpwotleKwDR
A10012,460491-483956,Sergent Jandak,sjandakb@rakuten.co.jp,+260 944 821 5979,a,sjandakb,sy02RoMAwY
A10013,146699-502199,Grenville Shaefer,gshaeferc@un.org,+27 104 961 4278,a,gshaeferc,WZgUAkU4
A10014,796640-125681,Susy Chadbourne,schadbourned@umich.edu,+220 115 892 3715,a,schadbourned,xeyPNNdp8
A10015,192123-216001,Lezlie Jacobowicz,ljacobowicze@hubpages.com,+57 937 143 0393,a,ljacobowicze,Ng669Cqjk
A10016,149466-357275,Matthias Duckworth,mduckworthf@istockphoto.com,+976 324 453 6814,a,mduckworthf,Q9wnbbu
A10017,741665-195683,Krystyna Capron,kcaprong@bloomberg.com,+84 207 291 5488,a,kcaprong,bMy9vqHMX6N
A10018,219279-514648,Lem Soares,lsoaresh@skype.com,+387 171 705 4989,a,lsoaresh,UKkFMc9c
A10019,847670-389249,Paola Askey,paskeyi@ehow.com,+81 157 339 9622,a,paskeyi,ZriW3I
A10020,568564-369095,Ellyn Peck,epeckj@cdc.gov,+64 915 746 4779,a,epeckj,8kCtCZbwK4
