COMMENTS,CUSTOMERUSERNAME,DRIVERRATING,DRIVERUSERNAME,PAYMENTNUMBER,REVIEWDATE,TITLE
turpis elementum ligula vehicula consequat morbi a ipsum integer a nibh in quis justo maecenas rhoncus aliquam lacus%Haha%Haha%update%My comment%Try try%GG last comment%GG last comment%last comment,C10052,4,D10051,P100000001,2020-12-09 03:39:29,GGG mou
sem fusce consequat nulla nisl nunc nisl duis bibendum felis sed interdum venenatis turpis enim blandit,htrewmans,5,d-fmattussevichp,P100000002,2020-02-19 12:37:10,justo in blandit ultrices enim lorem
maecenas leo odio condimentum id luctus nec molestie sed justo pellentesque viverra pede ac diam cras,ltrevorrowc,0,d-jfranciscoe,P100000003,2020-07-12 05:20:01,enim lorem ipsum dolor sit
,dleveringtong,5,d-gburnet5,P100000004,2019-12-15 11:13:14,
,agoltont,4,d-tcunney10,P100000005,2020-11-12 04:51:08,
tempus vel pede morbi porttitor lorem id ligula suspendisse ornare consequat lectus,rduncansonq,3,d-rpantherm,P100000006,2020-08-21 09:21:38,eu tincidunt in
molestie lorem quisque ut erat curabitur gravida nisi at nibh in hac habitasse,skornb,5,d-mmeadenj,P100000007,2019-11-27 04:40:32,justo in hac
integer non velit donec diam neque vestibulum eget vulputate ut ultrices vel augue vestibulum ante ipsum primis,cfellon0,5,d-gburnet5,P100000008,2020-09-02 03:59:19,pellentesque viverra pede ac
vel est donec odio justo sollicitudin ut suscipit a feugiat et eros vestibulum ac,lblickn,4,d-ascurreyv,P100000009,2020-02-27 02:05:50,
,tcraytonw,5,d-amaas9,P100000010,2020-10-07 06:40:19,sit amet sem fusce consequat
dui maecenas tristique est et tempus semper est quam pharetra magna ac consequat,agoltont,2,d-dsibbaldg,P100000011,2020-09-22 05:11:11,tempus semper est
,lblickn,5,d-mcurston7,P100000012,2020-03-02 01:21:43,non ligula pellentesque ultrices phasellus id
lacus morbi quis tortor id nulla ultrices aliquet maecenas leo odio condimentum id luctus nec molestie sed justo pellentesque,jannu,5,d-avaines2,P100000013,2020-09-13 09:12:42,
dictumst aliquam augue quam sollicitudin vitae consectetuer eget rutrum at lorem integer tincidunt ante vel ipsum praesent blandit,dleveringtong,0,d-gbecksb,P100000014,2020-05-28 07:40:30,aliquet pulvinar sed nisl nunc rhoncus dui vel sem sed
,htrewmans,4,d-hjouhan13,P100000015,2019-12-13 01:38:07,
,wketcher1b,4,d-eewellm,P100000016,2019-12-05 06:44:05,augue aliquam erat volutpat in congue etiam justo etiam
,lwilkenson10,5,d-jfountaine8,P100000017,2020-09-27 04:11:30,neque vestibulum eget vulputate ut ultrices vel
,bskittrell4,0,d-gburnet5,P100000018,2020-09-04 10:31:00,
lobortis ligula sit amet eleifend pede libero quis orci nullam molestie nibh,wketcher1b,5,d-ziglesiazx,P100000019,2020-07-06 04:47:51,bibendum morbi non quam nec
leo odio porttitor id consequat in consequat ut nulla sed accumsan felis ut at dolor quis,kodd1a,0,d-mglennardc,P100000020,2020-07-24 09:49:35,
,mpethick15,5,d-ljusthama,P100000021,2020-07-25 03:27:56,
posuere cubilia curae mauris viverra diam vitae quam suspendisse potenti nullam porttitor,htrewmans,5,d-mbrozssetn,P100000022,2020-07-06 12:48:12,
vestibulum velit id pretium iaculis diam erat fermentum justo nec condimentum neque sapien placerat ante nulla justo aliquam,rpierce1c,2,d-kvaskovz,P100000023,2019-11-15 11:03:09,feugiat non pretium quis lectus
,skornb,5,d-byakolev5,P100000024,2020-04-03 10:21:47,lectus vestibulum quam sapien varius ut blandit non
odio consequat varius integer ac leo pellentesque ultrices mattis odio donec vitae nisi nam ultrices libero non mattis,lblickn,5,d-amaas9,P100000025,2020-10-14 11:14:13,odio curabitur convallis duis consequat
,bpallem,4,d-bdei,P100000026,2020-10-17 06:44:18,morbi non quam nec dui luctus rutrum
in felis eu sapien cursus vestibulum proin eu mi nulla ac enim in tempor,bpallem,4,d-stutsellk,P100000027,2020-11-15 10:06:18,arcu sed augue aliquam erat volutpat in congue
,dleveringtong,0,d-ljusthama,P100000028,2020-11-19 09:09:10,eget vulputate ut ultrices vel
in faucibus orci luctus et ultrices posuere cubilia curae duis faucibus accumsan odio curabitur convallis duis,csargoodj,4,d-bdei,P100000029,2020-08-27 02:55:40,luctus et ultrices posuere cubilia
turpis donec posuere metus vitae ipsum aliquam non mauris morbi non lectus aliquam sit amet,lwaddamso,2,d-rsproulet,P100000030,2020-06-10 05:35:18,integer aliquet massa id lobortis convallis
in faucibus orci luctus et ultrices posuere cubilia curae donec pharetra magna vestibulum aliquet ultrices erat tortor sollicitudin,bdugmore1,1,d-tcunney10,P100000031,2020-06-20 09:26:23,dui vel sem
sit amet consectetuer adipiscing elit proin risus praesent lectus vestibulum quam sapien varius ut blandit non interdum in ante vestibulum,fwiltshaw13,2,d-nmcnirlan1,P100000032,2020-10-04 11:15:01,
est risus auctor sed tristique in tempus sit amet sem fusce consequat nulla,bpallem,2,d-ohryniewickij,P100000033,2020-09-06 05:11:48,
cursus urna ut tellus nulla ut erat id mauris vulputate,mpethick15,4,d-wwimpg,P100000034,2020-10-30 07:56:12,lorem ipsum dolor sit
interdum in ante vestibulum ante ipsum primis in faucibus orci luctus et,wketcher1b,0,d-sfawlkesr,P100000035,2020-06-28 11:04:42,ultrices posuere cubilia curae
elit sodales scelerisque mauris sit amet eros suspendisse accumsan tortor quis turpis sed ante vivamus tortor duis mattis egestas,lwaddamso,4,d-msuart17,P100000036,2020-09-14 02:04:42,arcu adipiscing molestie hendrerit
consequat nulla nisl nunc nisl duis bibendum felis sed interdum venenatis turpis,rpierce1c,5,d-saikeat9,P100000037,2020-11-06 04:35:00,nunc purus phasellus in felis donec semper sapien a
odio condimentum id luctus nec molestie sed justo pellentesque viverra pede ac diam,jashard11,5,d-kvaskovz,P100000038,2020-07-20 07:35:11,suspendisse accumsan tortor quis turpis sed
,sgeggus3,3,d-efolletto,P100000039,2019-12-17 03:30:08,rutrum ac lobortis vel dapibus
erat id mauris vulputate elementum nullam varius nulla facilisi cras non velit nec nisi vulputate nonummy maecenas tincidunt lacus at,bdugmore1,5,d-hjouhan13,P100000040,2019-11-16 06:44:53,maecenas rhoncus aliquam lacus morbi quis tortor id nulla ultrices
cras in purus eu magna vulputate luctus cum sociis natoque penatibus et magnis dis parturient montes nascetur ridiculus mus,bdugmore1,4,d-sblasib,P100000041,2020-01-25 01:54:04,ipsum primis in faucibus orci luctus et ultrices posuere
nulla ut erat id mauris vulputate elementum nullam varius nulla facilisi cras non velit nec nisi,cfellon0,1,d-evicarey8,P100000042,2020-10-11 10:14:36,eleifend luctus ultricies eu nibh quisque id justo
,dleveringtong,2,d-dstreightf,P100000043,2020-10-08 01:06:01,risus dapibus augue vel accumsan tellus nisi eu
ante ipsum primis in faucibus orci luctus et ultrices posuere cubilia curae mauris,cfellon0,2,d-gburnet5,P100000044,2019-12-18 04:13:03,eget tincidunt eget
quam suspendisse potenti nullam porttitor lacus at turpis donec posuere metus vitae ipsum aliquam non mauris morbi,wsutherlande,3,d-fmattussevichp,P100000045,2019-11-28 08:08:21,
lectus in est risus auctor sed tristique in tempus sit amet sem fusce consequat nulla nisl nunc nisl duis bibendum,tthunnercliffe9,1,d-ascurreyv,P100000046,2020-09-15 11:57:28,
lacus at velit vivamus vel nulla eget eros elementum pellentesque quisque porta volutpat erat quisque erat eros viverra,aguiu17,5,d-bsansq,P100000047,2020-08-31 12:25:37,rhoncus aliquam lacus morbi
,cfellon0,5,d-nmcnirlan1,P100000048,2020-01-31 03:19:35,pulvinar lobortis est phasellus sit amet erat
aenean fermentum donec ut mauris eget massa tempor convallis nulla neque libero convallis,fwiltshaw13,5,d-gbecksb,P100000049,2020-01-01 03:36:45,morbi odio odio elementum eu interdum
risus semper porta volutpat quam pede lobortis ligula sit amet eleifend pede libero quis orci nullam molestie nibh in lectus,icarnellf,5,d-gtunnicliffa,P100000050,2020-09-05 09:01:04,GGG lo
%last comment%Oii,C10052,4,D10051,P100000058,2020-12-09 03:40:36,GGG mou
Last,C10052,4,,P100000057,2020-12-09 03:12:58,Oiii
Comment,C10052,5,,P100000056,2020-12-09 03:18:47,Title
